{"cameraMode":{"drawMode":0,"name":"Shaded","section":"Shading Mode"},"sceneLighting":true,"audioPlay":false,"sceneViewState":{"showFog":true,"showMaterialUpdate":false,"showSkybox":true,"showFlares":true,"showImageEffects":true,"showParticleSystems":true},"in2DMode":false,"pivot":{"x":-3.701794385910034,"y":-1.9966747760772706,"z":2.930354118347168},"rotation":{"x":0.2710098624229431,"y":-0.3144981861114502,"z":0.09419068694114685,"w":0.9048672914505005},"size":3.813366651535034,"orthographic":false}